filename,width,height,class,xmin,ymin,xmax,ymax
banner_128.jpg,1024,768,vinyl banner,75,440,225,521
banner_128.jpg,1024,768,vinyl banner,1,447,64,532
banner_128.jpg,1024,768,vinyl banner,779,427,916,497
banner_128.jpg,1024,768,vinyl banner,958,425,1024,492
banner_127.jpg,1024,663,vinyl banner,796,378,885,410
banner_127.jpg,1024,663,vinyl banner,448,116,485,230
banner_127.jpg,1024,663,vinyl banner,873,220,904,293
banner_123.jpg,1024,768,vinyl banner,1,175,123,245
banner_123.jpg,1024,768,vinyl banner,116,171,252,252
banner_123.jpg,1024,768,vinyl banner,255,175,385,251
banner_123.jpg,1024,768,vinyl banner,385,181,523,259
banner_123.jpg,1024,768,vinyl banner,524,186,650,265
banner_123.jpg,1024,768,vinyl banner,647,190,778,266
banner_123.jpg,1024,768,vinyl banner,779,192,907,270
banner_123.jpg,1024,768,vinyl banner,908,191,1024,275
banner_121.jpg,1100,728,vinyl banner,102,324,953,618
banner_123.jpg,1024,768,vinyl banner,1,175,123,245
banner_123.jpg,1024,768,vinyl banner,116,171,252,252
banner_123.jpg,1024,768,vinyl banner,255,175,385,251
banner_123.jpg,1024,768,vinyl banner,385,181,523,259
banner_123.jpg,1024,768,vinyl banner,524,186,650,265
banner_123.jpg,1024,768,vinyl banner,647,190,778,266
banner_123.jpg,1024,768,vinyl banner,779,192,907,270
banner_123.jpg,1024,768,vinyl banner,908,191,1024,275
banner_120.jpg,2048,1152,vinyl banner,915,205,1326,293
banner_125.jpg,1024,681,vinyl banner,33,475,150,538
banner_125.jpg,1024,681,vinyl banner,224,598,440,675
banner_125.jpg,1024,681,vinyl banner,564,564,737,654
banner_125.jpg,1024,681,vinyl banner,818,557,959,631
banner_12.jpg,2048,1536,vinyl banner,498,190,623,321
banner_116.jpg,559,454,vinyl banner,49,63,516,436
banner_118.jpg,1100,733,vinyl banner,222,113,1002,592
banner_117.jpg,800,500,vinyl banner,8,115,798,345
banner_119.jpg,2048,1152,vinyl banner,952,340,1202,408
banner_114.jpg,3264,1836,vinyl banner,2106,1055,2249,1159
banner_113.jpg,2048,1536,vinyl banner,1671,823,1854,945
banner_108.jpg,650,450,vinyl banner,15,124,614,380
banner_110.jpg,294,221,vinyl banner,4,58,286,160
banner_109.jpg,300,165,vinyl banner,23,49,260,131
banner_111.jpg,480,480,vinyl banner,68,208,311,323
banner_111.jpg,480,480,vinyl banner,322,199,470,267
banner_107.jpg,900,545,vinyl banner,16,3,885,541
banner_106.jpg,400,400,vinyl banner,65,6,337,393
banner_103.jpg,1024,680,vinyl banner,130,298,625,455
banner_105.jpg,1024,575,vinyl banner,82,247,439,419
banner_104.jpg,1024,683,vinyl banner,437,369,989,647
banner_101.jpg,2048,1536,vinyl banner,249,93,474,276
banner_1.jpg,4128,3096,vinyl banner,10,1439,131,1632
banner_182.jpg,3984,2988,vinyl banner,97,962,284,1238
banner_174.jpg,2048,1152,vinyl banner,909,724,1129,785
banner_17.jpg,2048,1152,vinyl banner,365,868,667,952
banner_171.jpg,2048,1536,vinyl banner,891,981,989,1055
banner_171.jpg,2048,1536,vinyl banner,1431,910,1524,961
banner_170.jpg,2048,1536,vinyl banner,889,991,984,1040
banner_170.jpg,2048,1536,vinyl banner,1443,908,1523,966
banner_169.jpg,2048,1536,vinyl banner,799,808,933,955
banner_173.jpg,1920,1080,vinyl banner,1428,240,1650,469
banner_168.jpg,1920,1080,vinyl banner,449,402,649,584
banner_168.jpg,1920,1080,vinyl banner,135,400,418,531
banner_168.jpg,1920,1080,vinyl banner,2,337,70,468
banner_168.jpg,1920,1080,vinyl banner,118,140,397,406
banner_168.jpg,1920,1080,vinyl banner,728,495,857,590
banner_168.jpg,1920,1080,vinyl banner,826,417,962,502
banner_168.jpg,1920,1080,vinyl banner,1155,457,1319,567
banner_168.jpg,1920,1080,vinyl banner,953,480,1066,588
banner_168.jpg,1920,1080,vinyl banner,846,486,969,591
banner_168.jpg,1920,1080,vinyl banner,635,435,753,582
banner_168.jpg,1920,1080,vinyl banner,1566,435,1726,597
banner_168.jpg,1920,1080,vinyl banner,1333,469,1471,536
banner_166.jpg,2048,1536,vinyl banner,96,965,274,1105
banner_164.jpg,2048,1536,vinyl banner,788,1083,848,1170
banner_165.jpg,2048,1536,vinyl banner,896,981,981,1046
banner_165.jpg,2048,1536,vinyl banner,1441,913,1536,971
banner_163.jpg,2048,1536,vinyl banner,898,988,989,1041
banner_163.jpg,2048,1536,vinyl banner,1436,911,1519,968
banner_167.jpg,2048,1152,vinyl banner,197,491,940,705
banner_162.jpg,2048,1152,vinyl banner,817,773,937,815
banner_159.jpg,2048,1536,vinyl banner,1,961,148,1131
banner_159.jpg,2048,1536,vinyl banner,659,1003,766,1084
banner_160.jpg,2048,1536,vinyl banner,1571,861,1691,960
banner_161.jpg,2048,1536,vinyl banner,904,990,988,1043
banner_161.jpg,2048,1536,vinyl banner,1444,911,1518,966
banner_157.jpg,2048,1536,vinyl banner,899,981,988,1050
banner_157.jpg,2048,1536,vinyl banner,1438,918,1518,963
banner_156.jpg,2048,1152,vinyl banner,270,299,787,679
banner_154.jpg,2048,1536,vinyl banner,893,988,986,1053
banner_154.jpg,2048,1536,vinyl banner,1431,910,1523,980
banner_152.jpg,2048,1536,vinyl banner,809,798,931,958
banner_153.jpg,2048,1152,vinyl banner,1144,561,1212,674
banner_155.jpg,2048,1536,vinyl banner,888,978,983,1056
banner_155.jpg,2048,1536,vinyl banner,1411,916,1528,980
banner_151.jpg,2048,1536,vinyl banner,894,990,996,1050
banner_151.jpg,2048,1536,vinyl banner,1433,910,1523,966
banner_150.jpg,2048,1536,vinyl banner,896,986,983,1048
banner_150.jpg,2048,1536,vinyl banner,1434,915,1531,973
banner_148.jpg,2048,1536,vinyl banner,33,726,785,1156
banner_148.jpg,2048,1536,vinyl banner,1049,701,1349,975
banner_145.jpg,2048,1536,vinyl banner,199,965,401,1108
banner_145.jpg,2048,1536,vinyl banner,1503,885,1683,981
banner_143.jpg,2048,1152,vinyl banner,530,329,1232,708
banner_142.jpg,2048,1536,vinyl banner,888,991,989,1050
banner_142.jpg,2048,1536,vinyl banner,1436,906,1524,966
banner_15.jpg,2048,1536,vinyl banner,58,531,723,813
banner_15.jpg,2048,1536,vinyl banner,774,580,1033,786
banner_149.jpg,2048,1152,vinyl banner,2,220,505,664
banner_140.jpg,2048,1152,vinyl banner,993,96,1126,382
banner_140.jpg,2048,1152,vinyl banner,1162,247,1267,405
banner_140.jpg,2048,1152,vinyl banner,1279,329,1332,450
banner_137.jpg,1024,685,vinyl banner,413,26,559,126
banner_136.jpg,1024,709,vinyl banner,82,244,186,360
banner_14.jpg,2048,1536,vinyl banner,901,988,991,1046
banner_14.jpg,2048,1536,vinyl banner,1434,915,1516,966
banner_135.jpg,2048,1152,vinyl banner,261,467,406,568
banner_139.jpg,2048,1152,vinyl banner,67,664,406,788
banner_134.jpg,1024,637,vinyl banner,603,374,911,497
banner_131.jpg,1024,731,vinyl banner,318,282,484,334
banner_131.jpg,1024,731,vinyl banner,422,212,521,321
banner_13.jpg,2048,1152,vinyl banner,2,365,149,497
banner_130.jpg,1024,678,vinyl banner,281,282,646,385
banner_129.jpg,1024,768,vinyl banner,480,47,533,289
banner_132.jpg,1024,680,vinyl banner,285,344,384,388
banner_132.jpg,1024,680,vinyl banner,255,289,337,334
banner_226.jpg,683,1024,vinyl banner,1,226,309,668
banner_221.jpg,2048,1152,vinyl banner,591,784,990,882
banner_220.jpg,2047,1151,vinyl banner,1725,820,2025,915
banner_220.jpg,2047,1151,vinyl banner,1355,831,1486,906
banner_218.jpg,2048,1152,vinyl banner,791,1,1141,255
banner_218.jpg,2048,1152,property sign,964,258,1096,385
banner_216.jpg,2048,1536,vinyl banner,1676,825,1848,935
banner_217.jpg,2048,1536,vinyl banner,891,981,979,1051
banner_217.jpg,2048,1536,vinyl banner,1443,906,1521,971
banner_215.jpg,2048,1536,vinyl banner,884,985,983,1043
banner_215.jpg,2048,1536,vinyl banner,1426,908,1531,963
banner_219.jpg,2048,1536,vinyl banner,714,1011,806,1071
banner_219.jpg,2048,1536,vinyl banner,289,985,364,1110
banner_213.jpg,2048,1152,vinyl banner,938,478,1087,541
banner_213.jpg,2048,1152,vinyl banner,1087,397,1258,464
banner_21.jpg,2048,1536,vinyl banner,1,324,566,698
banner_211.jpg,2048,1536,vinyl banner,589,1003,718,1090
banner_211.jpg,2048,1536,vinyl banner,1334,938,1473,1010
banner_210.jpg,2048,1152,vinyl banner,447,3,1156,332
banner_209.jpg,1600,1200,vinyl banner,170,275,486,546
banner_212.jpg,1280,960,vinyl banner,801,451,839,500
banner_208.jpg,3984,2988,vinyl banner,3014,1052,3817,1282
banner_208.jpg,3984,2988,vinyl banner,2374,1265,2644,1395
banner_206.jpg,4608,3456,vinyl banner,840,730,2505,1191
banner_205.jpg,2592,1944,vinyl banner,1331,1109,1605,1269
banner_205.jpg,2592,1944,vinyl banner,309,735,531,818
banner_205.jpg,2592,1944,vinyl banner,342,854,429,1013
banner_204.jpg,1920,1080,vinyl banner,901,469,1093,513
banner_204.jpg,1920,1080,vinyl banner,1335,351,1908,459
banner_204.jpg,1920,1080,vinyl banner,1231,458,1364,544
banner_202.jpg,4000,3000,vinyl banner,1,1834,505,2068
banner_203.jpg,4160,3120,vinyl banner,730,1627,1254,2302
banner_207.jpg,2048,1536,vinyl banner,894,793,1054,963
banner_201.jpg,3264,2448,vinyl banner,3,1246,1290,1460
banner_2.jpg,932,638,vinyl banner,5,213,393,597
banner_2.jpg,932,638,vinyl banner,387,277,565,520
banner_2.jpg,932,638,vinyl banner,567,301,667,482
banner_2.jpg,932,638,vinyl banner,667,315,777,457
banner_2.jpg,932,638,vinyl banner,802,356,913,422
banner_199.jpg,4032,3024,vinyl banner,1393,1963,1707,2263
banner_197.jpg,2592,1936,vinyl banner,420,1214,799,1437
banner_197.jpg,2592,1936,vinyl banner,5,1218,424,1520
banner_197.jpg,2592,1936,vinyl banner,1094,1269,1205,1365
banner_196.jpg,2048,1152,vinyl banner,2,367,147,496
banner_200.jpg,1920,1080,vinyl banner,1,555,840,744
banner_200.jpg,1920,1080,vinyl banner,1425,611,1617,667
banner_195.jpg,3264,2448,vinyl banner,9,706,547,1044
banner_195.jpg,3264,2448,vinyl banner,17,952,522,1254
banner_191.jpg,4032,3024,vinyl banner,237,713,580,1040
banner_190.jpg,3840,2160,vinyl banner,2058,750,2392,915
banner_194.jpg,1920,1080,vinyl banner,1063,416,1293,520
banner_189.jpg,3264,2448,vinyl banner,2406,1503,2857,1657
banner_188.jpg,3264,1840,vinyl banner,2294,1285,2516,1395
banner_188.jpg,3264,1840,vinyl banner,2066,1195,2285,1302
banner_188.jpg,3264,1840,vinyl banner,2382,1414,2535,1576
banner_188.jpg,3264,1840,vinyl banner,2597,1431,2751,1645
banner_187.jpg,4000,3000,vinyl banner,945,1451,1268,1634
banner_187.jpg,4000,3000,vinyl banner,188,1448,348,1601
banner_193.jpg,3264,2448,vinyl banner,1133,381,2101,649
banner_186.jpg,3264,2448,vinyl banner,2790,1246,3264,1441
banner_186.jpg,3264,2448,vinyl banner,1995,1246,2457,1522
banner_179.jpg,3264,2448,vinyl banner,495,684,690,898
banner_179.jpg,3264,2448,vinyl banner,17,657,306,827
banner_179.jpg,3264,2448,vinyl banner,763,690,949,895
banner_179.jpg,3264,2448,vinyl banner,2541,576,2617,868
banner_179.jpg,3264,2448,vinyl banner,2671,541,2763,871
banner_184.jpg,2592,1944,vinyl banner,1839,820,2128,977
banner_178.jpg,3264,2448,vinyl banner,217,1306,379,1422
banner_176.jpg,3840,2160,vinyl banner,2670,1110,2855,1190
banner_176.jpg,3840,2160,vinyl banner,2572,1115,2655,1224
banner_175.jpg,2048,1536,vinyl banner,141,576,286,801
banner_276.jpg,3264,2448,vinyl banner,2444,1571,2776,1890
banner_276.jpg,3264,2448,vinyl banner,663,319,847,1376
banner_277.jpg,4128,3096,vinyl banner,359,1159,628,1804
banner_277.jpg,4128,3096,vinyl banner,1131,1470,1307,1849
banner_277.jpg,4128,3096,vinyl banner,1310,1556,1407,1870
banner_277.jpg,4128,3096,vinyl banner,931,1204,1634,1580
banner_277.jpg,4128,3096,vinyl banner,1624,1690,1928,1922
banner_275.jpg,5248,3936,vinyl banner,3291,1339,3552,1739
banner_274.jpg,1200,800,vinyl banner,143,213,1083,534
banner_273.jpg,3265,2449,vinyl banner,2747,1323,2901,1450
banner_278.jpg,4608,3456,vinyl banner,1655,1607,2071,1784
banner_278.jpg,4608,3456,vinyl banner,2648,1680,2829,1845
banner_272.jpg,2012,1341,vinyl banner,809,591,997,656
banner_267.jpg,4032,3024,vinyl banner,2864,1596,3358,1893
banner_267.jpg,4032,3024,vinyl banner,2431,2096,2931,2290
banner_269.jpg,2592,1944,vinyl banner,69,667,284,858
banner_271.jpg,4000,3000,vinyl banner,852,401,2242,634
banner_270.jpg,3264,2448,vinyl banner,1625,1441,1787,1587
banner_266.jpg,1920,1080,vinyl banner,532,109,664,414
banner_27.jpg,2048,1536,vinyl banner,898,983,988,1041
banner_27.jpg,2048,1536,vinyl banner,1439,910,1514,970
banner_264.jpg,690,610,vinyl banner,19,137,664,462
banner_262.jpg,1200,675,vinyl banner,19,21,1200,607
banner_259.jpg,300,168,vinyl banner,57,47,271,125
banner_258.jpg,4608,3456,vinyl banner,3705,1353,4608,1707
banner_258.jpg,4608,3456,vinyl banner,3194,1453,3702,1645
banner_258.jpg,4608,3456,vinyl banner,2971,1484,3213,1626
banner_258.jpg,4608,3456,vinyl banner,2582,1522,3067,1626
banner_260.jpg,800,600,vinyl banner,80,238,775,450
banner_257.jpg,940,582,vinyl banner,29,74,888,479
banner_255.jpg,1000,1000,vinyl banner,22,320,732,953
banner_255.jpg,1000,1000,vinyl banner,877,445,1000,694
banner_254.jpg,650,450,vinyl banner,97,65,587,370
banner_26.jpg,2048,1536,vinyl banner,901,973,984,1051
banner_26.jpg,2048,1536,vinyl banner,1443,906,1533,970
banner_250.jpg,999,472,vinyl banner,19,25,983,442
banner_249.jpg,579,553,vinyl banner,47,140,579,449
banner_248.jpg,800,580,vinyl banner,91,127,741,524
banner_252.jpg,2048,1536,vinyl banner,1091,698,1418,878
banner_246.jpg,2560,1920,vinyl banner,405,1325,718,1536
banner_251.jpg,907,520,vinyl banner,40,147,774,520
banner_245.jpg,820,566,vinyl banner,54,257,479,370
banner_245.jpg,820,566,vinyl banner,496,251,679,343
banner_245.jpg,820,566,vinyl banner,688,255,786,316
banner_238.jpg,3264,2448,vinyl banner,1236,1711,1557,1898
banner_243.jpg,500,375,vinyl banner,11,40,484,129
banner_243.jpg,500,375,vinyl banner,10,121,78,192
banner_243.jpg,500,375,vinyl banner,344,123,473,196
banner_239.jpg,1600,1200,vinyl banner,405,480,512,520
banner_239.jpg,1600,1200,vinyl banner,187,768,431,866
banner_239.jpg,1600,1200,vinyl banner,611,755,749,793
banner_240.jpg,3264,2448,vinyl banner,2901,1276,3141,1430
banner_237.jpg,928,472,vinyl banner,31,123,223,239
banner_237.jpg,928,472,vinyl banner,231,131,717,271
banner_237.jpg,928,472,vinyl banner,732,140,877,296
banner_244.jpg,1200,900,vinyl banner,94,83,1195,800
banner_235.jpg,600,450,vinyl banner,22,128,571,259
banner_232.jpg,358,331,vinyl banner,36,81,320,263
banner_233.jpg,750,750,vinyl banner,96,306,598,564
banner_229.jpg,628,397,vinyl banner,4,49,627,323
banner_234.jpg,3264,2448,vinyl banner,768,1122,1411,1303
banner_234.jpg,3264,2448,vinyl banner,1409,1100,1933,1333
banner_234.jpg,3264,2448,vinyl banner,1944,1133,3264,1349
banner_228.jpg,1024,768,vinyl banner,238,176,407,310
banner_227.jpg,1024,683,vinyl banner,280,327,655,541
banner_225.jpg,1024,544,vinyl banner,2,145,173,267
banner_225.jpg,1024,544,vinyl banner,338,147,565,284
banner_224.jpg,1024,742,vinyl banner,1,151,107,182
banner_224.jpg,1024,742,vinyl banner,115,150,222,176
banner_224.jpg,1024,742,vinyl banner,239,145,347,181
banner_224.jpg,1024,742,vinyl banner,354,145,464,177
banner_224.jpg,1024,742,vinyl banner,473,143,576,174
banner_224.jpg,1024,742,vinyl banner,590,138,694,171
banner_224.jpg,1024,742,vinyl banner,788,145,896,178
banner_224.jpg,1024,742,vinyl banner,982,141,1017,177
banner_1.jpg,1024,680,vinyl banner,708,140,776,350
banner_1.jpg,1024,680,vinyl banner,785,121,922,267
banner_1.jpg,1024,680,vinyl banner,989,141,1024,222
banner_222.jpg,2048,1152,vinyl banner,1838,596,1980,715
banner_305.jpg,3984,2988,vinyl banner,1170,1525,1607,1742
banner_305.jpg,3984,2988,vinyl banner,1164,1752,1567,1905
banner_30.jpg,2048,1152,vinyl banner,2,311,811,747
banner_299.jpg,3264,2448,vinyl banner,1603,911,1744,1084
banner_298.jpg,4032,2637,vinyl banner,3681,1849,4032,2070
banner_3.jpg,2048,1536,vinyl banner,901,990,998,1055
banner_3.jpg,2048,1536,vinyl banner,1441,913,1519,973
banner_297.jpg,3264,2448,vinyl banner,2001,1365,2330,1530
banner_296.jpg,2048,1152,vinyl banner,1,650,183,793
banner_295.jpg,4128,3096,vinyl banner,638,1818,945,1942
banner_293.jpg,5152,3888,vinyl banner,2404,1085,2756,1311
banner_29.jpg,2048,1536,vinyl banner,256,640,928,1051
banner_290.jpg,3984,2988,vinyl banner,2541,1525,2687,1672
banner_290.jpg,3984,2988,vinyl banner,1314,1508,1550,1752
banner_291.jpg,3264,2448,vinyl banner,825,2052,898,2200
banner_291.jpg,3264,2448,vinyl banner,706,2146,825,2306
banner_291.jpg,3264,2448,vinyl banner,906,2073,984,2230
banner_291.jpg,3264,2448,vinyl banner,990,2111,1193,2238
banner_291.jpg,3264,2448,vinyl banner,622,1665,947,2062
banner_294.jpg,2592,1936,vinyl banner,3,186,154,463
banner_294.jpg,2592,1936,vinyl banner,880,895,1065,931
banner_289.jpg,3984,2988,vinyl banner,1,1315,1017,1618
banner_288.jpg,3264,2448,vinyl banner,1428,487,1690,1000
banner_287.jpg,4160,3120,vinyl banner,3471,2327,4160,2637
banner_284.jpg,2013,1342,vinyl banner,863,595,1172,716
banner_283.jpg,3264,2448,vinyl banner,1227,1,1636,852
banner_283.jpg,3264,2448,vinyl banner,1425,1633,1530,1854
banner_281.jpg,4032,3024,vinyl banner,3271,1030,4032,2526
banner_280.jpg,3264,2448,vinyl banner,447,946,655,1519
banner_280.jpg,3264,2448,vinyl banner,833,1114,965,1484
banner_280.jpg,3264,2448,vinyl banner,1020,1152,1120,1460
banner_286.jpg,3264,2448,vinyl banner,1114,1081,1920,1235
banner_286.jpg,3264,2448,vinyl banner,1390,1141,1493,1384
banner_286.jpg,3264,2448,vinyl banner,1522,1141,1622,1406
banner_286.jpg,3264,2448,vinyl banner,1641,1141,1725,1403
banner_285.jpg,2047,1151,vinyl banner,1181,776,1300,858
banner_28.jpg,2048,1536,vinyl banner,518,1001,651,1096
banner_324.jpg,3264,2448,vinyl banner,2247,1127,2490,1290
banner_324.jpg,3264,2448,vinyl banner,2941,1111,3176,1230
banner_324.jpg,3264,2448,vinyl banner,2247,379,2509,522
banner_320.jpg,2592,1936,vinyl banner,2305,558,2397,654
banner_320.jpg,2592,1936,vinyl banner,2192,680,2256,767
banner_321.jpg,3984,2988,vinyl banner,2857,1902,3984,2748
banner_319.jpg,2048,1536,vinyl banner,171,966,396,1123
banner_318.jpg,4608,3456,vinyl banner,48,1541,509,1772
banner_315.jpg,3264,2448,vinyl banner,1282,1092,1649,1200
banner_315.jpg,3264,2448,vinyl banner,611,1306,725,1652
banner_315.jpg,3264,2448,vinyl banner,717,1465,893,1757
banner_314.jpg,3264,2448,vinyl banner,2376,1035,2555,1149
banner_313.jpg,3264,2448,vinyl banner,2909,714,3264,946
banner_313.jpg,3264,2448,vinyl banner,1630,933,1798,1060
banner_312.jpg,3456,5184,vinyl banner,2236,2406,2642,2642
banner_311.jpg,2592,1944,vinyl banner,1350,639,1580,741
banner_31.jpg,2048,1536,vinyl banner,898,991,979,1053
banner_31.jpg,2048,1536,vinyl banner,1438,918,1518,968
banner_309.jpg,3840,2160,vinyl banner,750,310,967,912
banner_309.jpg,3840,2160,vinyl banner,990,361,1261,835
banner_309.jpg,3840,2160,vinyl banner,1270,452,1441,998
banner_308.jpg,2048,1536,vinyl banner,534,210,1068,518
banner_307.jpg,752,501,vinyl banner,445,191,623,373
banner_310.jpg,3264,2448,vinyl banner,1703,1460,2049,1584
banner_310.jpg,3264,2448,vinyl banner,1528,1438,1652,1560
banner_306.jpg,3264,2448,vinyl banner,1890,976,2174,1060
banner_306.jpg,3264,2448,vinyl banner,1963,1398,2095,1471
banner_306.jpg,3264,2448,vinyl banner,1998,1249,2093,1335
banner_301.jpg,3264,2448,vinyl banner,320,1152,2036,1427
banner_303.jpg,2560,1440,vinyl banner,1935,692,2554,1047
banner_302.jpg,5248,3936,vinyl banner,1582,1513,1978,1752
banner_302.jpg,5248,3936,vinyl banner,1508,1818,1804,2061
banner_302.jpg,5248,3936,vinyl banner,1760,1813,2065,2087
banner_302.jpg,5248,3936,vinyl banner,2391,1791,2769,1983
banner_302.jpg,5248,3936,vinyl banner,2382,1483,2682,1648
banner_300.jpg,1920,1080,vinyl banner,584,328,994,495
banner_300.jpg,1920,1080,vinyl banner,1208,410,1364,500
banner_300.jpg,1920,1080,vinyl banner,1035,417,1218,569
banner_300.jpg,1920,1080,vinyl banner,446,328,607,572
banner_300.jpg,1920,1080,vinyl banner,2,224,511,459
banner_343.jpg,3264,2448,vinyl banner,2328,984,2755,1057
banner_343.jpg,3264,2448,vinyl banner,2733,1240,3115,1398
banner_342.jpg,3264,2448,vinyl banner,1609,935,1814,1076
banner_342.jpg,3264,2448,vinyl banner,1784,927,1960,1098
banner_342.jpg,3264,2448,vinyl banner,1614,1060,1838,1222
banner_342.jpg,3264,2448,vinyl banner,1606,1308,1806,1452
banner_341.jpg,2048,1152,vinyl banner,73,356,317,473
banner_340.jpg,3264,2448,vinyl banner,2909,1973,3082,2138
banner_339.jpg,3264,2448,vinyl banner,2193,900,2382,1008
banner_338.jpg,3264,2448,vinyl banner,1628,1508,2222,1584
banner_337.jpg,2560,1920,vinyl banner,580,958,907,1077
banner_336.jpg,3840,2160,vinyl banner,2721,1032,2850,1235
banner_336.jpg,3840,2160,vinyl banner,2824,1007,2995,1164
banner_335.jpg,4160,3120,vinyl banner,3133,1271,4009,1651
banner_335.jpg,4160,3120,vinyl banner,2964,1282,3113,1634
banner_335.jpg,4160,3120,vinyl banner,2506,1137,2713,1516
banner_334.jpg,4032,3024,vinyl banner,2764,930,3704,1370
banner_334.jpg,4032,3024,vinyl banner,2178,1023,2364,1380
banner_333.jpg,3264,2448,vinyl banner,1952,830,2168,884
banner_332.jpg,2592,1936,vinyl banner,260,3,792,748
banner_330.jpg,2048,1536,vinyl banner,903,985,986,1058
banner_330.jpg,2048,1536,vinyl banner,1434,918,1529,980
banner_331.jpg,2592,1944,vinyl banner,56,1099,222,1269
banner_331.jpg,2592,1944,vinyl banner,243,1113,375,1267
banner_328.jpg,3264,2448,vinyl banner,11,481,236,1200
banner_328.jpg,3264,2448,vinyl banner,260,106,511,1262
banner_327.jpg,3264,2448,vinyl banner,2171,849,2428,1014
banner_398.jpg,3264,2448,vinyl banner,957,71,2282,376
banner_398.jpg,3264,2448,vinyl banner,2649,76,3264,368
banner_391.jpg,3265,2449,vinyl banner,1098,747,1260,1074
banner_391.jpg,3265,2449,vinyl banner,2301,1399,3265,1520
banner_390.jpg,5312,2988,vinyl banner,98,1256,306,1404
banner_39.jpg,2048,1536,vinyl banner,3,881,138,1026
banner_396.jpg,2048,1536,vinyl banner,161,876,633,1071
banner_396.jpg,2048,1536,vinyl banner,3,886,153,1101
banner_389.jpg,1920,1080,vinyl banner,1395,388,1586,457
banner_386.jpg,3264,2448,vinyl banner,6,1244,403,1844
banner_386.jpg,3264,2448,vinyl banner,436,1354,720,1806
banner_386.jpg,3264,2448,vinyl banner,711,1449,865,1781
banner_385.jpg,2048,1152,vinyl banner,387,1,1170,244
banner_384.jpg,2592,1936,vinyl banner,2171,1250,2492,1333
banner_388.jpg,3264,2448,vinyl banner,1882,1090,2128,1198
banner_388.jpg,3264,2448,vinyl banner,1933,1352,2065,1422
banner_388.jpg,3264,2448,vinyl banner,1955,1468,2055,1525
banner_383.jpg,1920,1080,vinyl banner,256,584,435,684
banner_387.jpg,4032,3024,vinyl banner,2821,1650,3018,1800
banner_382.jpg,1600,1200,vinyl banner,594,720,910,764
banner_382.jpg,1600,1200,vinyl banner,816,634,1243,755
banner_379.jpg,2592,1944,vinyl banner,1890,1005,2084,1160
banner_379.jpg,2592,1944,vinyl banner,733,1192,835,1254
banner_38.jpg,2048,1152,vinyl banner,1,375,154,486
banner_378.jpg,4032,3024,vinyl banner,183,1786,410,1946
banner_381.jpg,5152,3888,vinyl banner,621,602,1073,1433
banner_381.jpg,5152,3888,vinyl banner,1604,846,1825,1524
banner_380.jpg,3264,2448,vinyl banner,2387,1673,2576,1903
banner_377.jpg,3984,2988,vinyl banner,2147,1232,2344,1348
banner_377.jpg,3984,2988,vinyl banner,2457,1218,2674,1315
banner_377.jpg,3984,2988,vinyl banner,2664,1225,2864,1318
banner_376.jpg,3264,2448,vinyl banner,676,985,1046,1206
banner_375.jpg,5248,3936,vinyl banner,3952,83,4169,2057
banner_374.jpg,2048,1536,vinyl banner,878,988,991,1050
banner_374.jpg,2048,1536,vinyl banner,1436,908,1521,965
banner_372.jpg,2592,1944,vinyl banner,1765,1175,2031,1386
banner_372.jpg,2592,1944,vinyl banner,2328,1203,2490,1381
banner_371.jpg,3984,2988,vinyl banner,3534,1358,3984,1708
banner_371.jpg,3984,2988,vinyl banner,720,1282,1147,1565
banner_370.jpg,3264,2448,vinyl banner,1333,1487,1676,1614
banner_37.jpg,2048,1152,vinyl banner,1155,388,1296,441
banner_37.jpg,2048,1152,vinyl banner,1033,446,1155,500
banner_373.jpg,3264,2448,vinyl banner,2549,1035,2803,1287
banner_373.jpg,3264,2448,vinyl banner,2803,1003,3009,1452
banner_369.jpg,3840,2160,vinyl banner,3221,904,3461,1001
banner_368.jpg,3264,2448,vinyl banner,295,1235,1301,1322
banner_368.jpg,3264,2448,vinyl banner,1,1335,890,1546
banner_366.jpg,3264,2448,vinyl banner,2122,1130,2314,1190
banner_366.jpg,3264,2448,vinyl banner,2128,1190,2344,1249
banner_365.jpg,3264,1836,vinyl banner,1725,1012,1980,1069
banner_364.jpg,4128,3096,vinyl banner,690,1725,1210,1801
banner_364.jpg,4128,3096,vinyl banner,1214,1680,1572,1797
banner_364.jpg,4128,3096,vinyl banner,1528,1649,2076,1770
banner_364.jpg,4128,3096,vinyl banner,2066,1608,2441,1766
banner_364.jpg,4128,3096,vinyl banner,2428,1584,2821,1701
banner_364.jpg,4128,3096,vinyl banner,2814,870,2990,1225
banner_364.jpg,4128,3096,vinyl banner,3014,887,3148,1228
banner_363.jpg,2048,1152,vinyl banner,906,540,1233,697
banner_362.jpg,4032,3024,vinyl banner,1983,1930,2644,2026
banner_367.jpg,3264,2448,vinyl banner,11,3,365,468
banner_360.jpg,3264,2448,vinyl banner,1,398,984,817
banner_360.jpg,3264,2448,vinyl banner,1633,84,2825,565
banner_359.jpg,3264,2448,vinyl banner,2028,1481,2187,1635
banner_353.jpg,4000,3000,vinyl banner,2412,1614,2745,1711
banner_354.jpg,5312,2988,vinyl banner,4222,1160,4394,1328
banner_354.jpg,5312,2988,vinyl banner,4378,1116,4570,1348
banner_354.jpg,5312,2988,vinyl banner,4530,1108,4906,1248
banner_354.jpg,5312,2988,vinyl banner,4590,1312,4778,1444
banner_354.jpg,5312,2988,vinyl banner,4418,1348,4622,1492
banner_354.jpg,5312,2988,vinyl banner,5034,948,5258,1080
banner_358.jpg,3264,2448,vinyl banner,2455,371,2728,690
banner_357.jpg,3984,2988,vinyl banner,14,1548,880,1848
banner_357.jpg,3984,2988,vinyl banner,880,1518,1337,1835
banner_357.jpg,3984,2988,vinyl banner,1400,1542,2197,1868
banner_352.jpg,2048,1152,vinyl banner,1,370,138,484
banner_36.jpg,2048,1152,vinyl banner,177,396,753,612
banner_351.jpg,3264,2448,vinyl banner,68,1346,482,1508
banner_351.jpg,3264,2448,vinyl banner,601,1335,849,1538
banner_348.jpg,3264,2448,vinyl banner,536,1295,763,1392
banner_348.jpg,3264,2448,vinyl banner,3030,1727,3264,1833
banner_347.jpg,2048,1536,vinyl banner,1801,495,2048,700
banner_346.jpg,3264,2448,vinyl banner,3009,1268,3264,1519
banner_344.jpg,3264,2448,vinyl banner,2338,1325,2590,1538
banner_350.jpg,3984,2988,vinyl banner,3760,1505,3957,1668
banner_35.jpg,2048,1536,vinyl banner,896,985,984,1056
banner_35.jpg,2048,1536,vinyl banner,1438,911,1518,973
banner_445.jpg,3264,2448,vinyl banner,1155,1706,1322,1849
banner_445.jpg,3264,2448,vinyl banner,2828,1776,3017,1960
banner_441.jpg,2048,1152,vinyl banner,1133,561,1212,690
banner_444.jpg,3264,2448,vinyl banner,2752,1211,3264,1495
banner_444.jpg,3264,2448,vinyl banner,2133,1013,2320,1340
banner_444.jpg,3264,2448,vinyl banner,2317,973,2955,1279
banner_440.jpg,1920,1080,vinyl banner,71,471,371,739
banner_440.jpg,1920,1080,vinyl banner,1809,722,1920,794
banner_44.jpg,2048,1536,vinyl banner,893,1006,983,1071
banner_44.jpg,2048,1536,vinyl banner,1434,930,1529,995
banner_439.jpg,1600,1200,vinyl banner,1105,824,1423,967
banner_442.jpg,3264,2448,vinyl banner,1230,1535,1893,1773
banner_438.jpg,4128,3096,vinyl banner,2407,670,2707,870
banner_438.jpg,4128,3096,vinyl banner,2076,1146,2335,1628
banner_438.jpg,4128,3096,vinyl banner,2286,1004,2462,1504
banner_436.jpg,3264,2448,vinyl banner,1382,1279,1563,1379
banner_437.jpg,3264,2448,vinyl banner,1028,1346,1260,1527
banner_435.jpg,3264,2448,vinyl banner,901,1671,1198,1857
banner_435.jpg,3264,2448,vinyl banner,338,1606,657,1862
banner_435.jpg,3264,2448,vinyl banner,1174,1714,1230,1835
banner_434.jpg,4032,3024,vinyl banner,2954,2036,3244,2340
banner_434.jpg,4032,3024,vinyl banner,2441,1936,2748,2166
banner_431.jpg,3840,2160,vinyl banner,3527,1518,3840,1741
banner_431.jpg,3840,2160,vinyl banner,2558,1498,2910,1652
banner_431.jpg,3840,2160,vinyl banner,2561,1392,2778,1518
banner_431.jpg,3840,2160,vinyl banner,2232,1412,2430,1575
banner_430.jpg,2048,1536,vinyl banner,201,953,409,1101
banner_430.jpg,2048,1536,vinyl banner,1503,868,1678,991
banner_429.jpg,4000,2250,vinyl banner,1830,979,2098,1070
banner_429.jpg,4000,2250,vinyl banner,2124,991,2380,1064
banner_426.jpg,3264,2448,vinyl banner,1263,1144,1603,1195
banner_425.jpg,3264,2448,vinyl banner,2460,1571,3168,1787
banner_424.jpg,3264,1840,vinyl banner,2739,554,3204,826
banner_428.jpg,3264,2448,vinyl banner,2865,1414,3264,1665
banner_423.jpg,3264,2448,vinyl banner,1920,1065,2082,1265
banner_427.jpg,3984,2988,vinyl banner,2137,1522,2280,1695
banner_422.jpg,3984,2988,vinyl banner,934,1808,1117,2022
banner_422.jpg,3984,2988,vinyl banner,764,1435,1117,1632
banner_42.jpg,2048,1536,vinyl banner,894,995,983,1060
banner_42.jpg,2048,1536,vinyl banner,1439,913,1529,971
banner_419.jpg,2048,1536,vinyl banner,178,836,354,993
banner_418.jpg,2048,1152,vinyl banner,3,366,142,496
banner_421.jpg,4000,3000,vinyl banner,3825,348,4000,864
banner_421.jpg,4000,3000,vinyl banner,3215,790,3512,924
banner_415.jpg,3264,2448,vinyl banner,1090,979,1311,1195
banner_415.jpg,3264,2448,vinyl banner,2436,1190,2557,1246
banner_420.jpg,5312,2988,vinyl banner,4238,1068,4518,1476
banner_420.jpg,5312,2988,vinyl banner,1418,936,1662,1344
banner_413.jpg,3840,2160,vinyl banner,701,1132,935,1270
banner_413.jpg,3840,2160,vinyl banner,950,1127,1058,1244
banner_41.jpg,2047,1151,vinyl banner,1507,773,1629,871
banner_410.jpg,4000,3000,vinyl banner,108,1228,545,1878
banner_412.jpg,3264,2448,vinyl banner,2952,3,3247,1346
banner_409.jpg,1920,1080,vinyl banner,1381,430,1442,507
banner_409.jpg,1920,1080,vinyl banner,1432,445,1517,507
banner_409.jpg,1920,1080,vinyl banner,1342,476,1376,520
banner_408.jpg,3264,2448,vinyl banner,2311,595,2757,884
banner_411.jpg,3984,2988,vinyl banner,1034,1982,1797,2102
banner_407.jpg,2048,1152,vinyl banner,343,665,652,779
banner_403.jpg,3264,2448,vinyl banner,520,1008,717,1244
banner_406.jpg,3264,2448,vinyl banner,574,1162,836,1381
banner_402.jpg,2560,1920,vinyl banner,1874,915,2101,1088
banner_402.jpg,2560,1920,vinyl banner,1472,1165,1651,1196
banner_401.jpg,3264,2448,vinyl banner,614,3,3264,562
banner_400.jpg,4000,3000,vinyl banner,1025,1771,1412,2038
banner_400.jpg,4000,3000,vinyl banner,628,1251,842,1681
banner_400.jpg,4000,3000,vinyl banner,1122,1434,1238,1748
banner_400.jpg,4000,3000,vinyl banner,1352,1541,1462,1781
banner_404.jpg,1920,1080,vinyl banner,631,522,752,603
banner_399.jpg,2592,1944,vinyl banner,1582,922,2146,1133
banner_399.jpg,2592,1944,vinyl banner,2182,888,2399,1462
banner_393.jpg,3968,2240,vinyl banner,5,506,408,827
banner_497.jpg,3264,2448,vinyl banner,1160,487,2368,662
banner_494.jpg,3984,2988,vinyl banner,2054,1615,2434,1735
banner_494.jpg,3984,2988,vinyl banner,2880,1602,3087,1725
banner_494.jpg,3984,2988,vinyl banner,3360,1862,3550,1982
banner_50.jpg,2048,1536,vinyl banner,1166,873,1663,1185
banner_50.jpg,2048,1536,property sign,1606,600,1773,930
banner_493.jpg,5312,2988,vinyl banner,366,1532,1082,1848
banner_492.jpg,3840,2160,vinyl banner,1958,601,2338,975
banner_487.jpg,4000,3000,vinyl banner,1102,1588,1702,1731
banner_487.jpg,4000,3000,vinyl banner,1692,1614,2338,1744
banner_489.jpg,1920,1080,vinyl banner,1169,575,1238,620
banner_49.jpg,2048,1536,vinyl banner,899,990,974,1045
banner_49.jpg,2048,1536,vinyl banner,1353,931,1421,975
banner_486.jpg,3840,2160,vinyl banner,1850,570,2512,792
banner_490.jpg,2592,1936,vinyl banner,456,41,1305,731
banner_485.jpg,2048,1536,vinyl banner,908,988,988,1048
banner_485.jpg,2048,1536,vinyl banner,1444,908,1518,975
banner_484.jpg,1200,900,vinyl banner,95,252,1103,754
banner_483.jpg,4032,3024,vinyl banner,1157,1940,1523,2190
banner_482.jpg,3264,2448,vinyl banner,2647,1160,2976,1403
banner_48.jpg,2048,1536,vinyl banner,273,1051,356,1145
banner_48.jpg,2048,1536,vinyl banner,463,1076,599,1136
banner_478.jpg,3264,2448,vinyl banner,1401,1884,1606,2000
banner_477.jpg,350,350,vinyl banner,53,48,336,219
banner_472.jpg,3264,2448,vinyl banner,1563,1460,2038,1562
banner_475.jpg,3264,2448,vinyl banner,1311,349,1530,438
banner_474.jpg,2048,1536,vinyl banner,896,991,996,1046
banner_476.jpg,500,500,vinyl banner,65,63,486,307
banner_471.jpg,1024,576,vinyl banner,185,321,729,434
banner_470.jpg,2592,1944,vinyl banner,1669,896,1852,1086
banner_467.jpg,3264,1836,vinyl banner,1506,1071,1944,1179
banner_47.jpg,2048,1536,vinyl banner,906,980,993,1051
banner_47.jpg,2048,1536,vinyl banner,1443,906,1528,966
banner_466.jpg,5664,4240,vinyl banner,15,3,1424,1717
banner_465.jpg,4032,3024,vinyl banner,427,856,797,1130
banner_464.jpg,3552,2000,vinyl banner,2525,761,2951,903
banner_463.jpg,2048,1536,vinyl banner,398,223,883,485
banner_469.jpg,2560,1920,vinyl banner,1499,854,1845,950
banner_462.jpg,3264,2448,vinyl banner,468,1419,1274,1657
banner_460.jpg,3264,2448,vinyl banner,2593,1119,2814,1414
banner_459.jpg,3264,2448,vinyl banner,2987,838,3211,1049
banner_458.jpg,4032,3024,vinyl banner,2638,1,3464,160
banner_457.jpg,4032,3024,vinyl banner,3084,1613,3911,1853
banner_457.jpg,4032,3024,vinyl banner,2948,1556,3201,1686
banner_456.jpg,3264,2448,vinyl banner,295,935,760,1176
banner_456.jpg,3264,2448,vinyl banner,630,1311,979,1522
banner_461.jpg,4000,3000,vinyl banner,2472,1394,2802,1494
banner_455.jpg,3264,2448,vinyl banner,11,1738,357,1941
banner_455.jpg,3264,2448,vinyl banner,1065,1784,1520,1954
banner_453.jpg,4032,3024,vinyl banner,187,1423,820,1726
banner_453.jpg,4032,3024,vinyl banner,280,1650,717,1840
banner_452.jpg,2048,1536,vinyl banner,4,1025,261,1156
banner_450.jpg,3264,2448,vinyl banner,179,714,668,1062
banner_450.jpg,3264,2448,vinyl banner,2022,1530,2214,1608
banner_451.jpg,4032,3024,vinyl banner,560,1090,1510,1350
banner_451.jpg,4032,3024,vinyl banner,1720,1166,2194,1363
banner_454.jpg,3264,2448,vinyl banner,1,1592,238,1738
banner_449.jpg,3264,2448,vinyl banner,2401,1387,2806,1479
banner_542.jpg,3264,2448,vinyl banner,674,1360,890,1519
banner_540.jpg,3264,1968,vinyl banner,1785,1352,1968,1404
banner_540.jpg,3264,1968,vinyl banner,2061,1337,2237,1406
banner_54.jpg,2048,1536,vinyl banner,243,1053,488,1156
banner_539.jpg,3840,2160,vinyl banner,3290,972,3840,1264
banner_538.jpg,3984,2988,vinyl banner,1277,1282,1507,1405
banner_541.jpg,2048,1536,vinyl banner,393,1001,549,1116
banner_537.jpg,2592,1944,vinyl banner,2207,741,2592,1035
banner_536.jpg,4000,3000,vinyl banner,15,1858,1175,2178
banner_536.jpg,4000,3000,vinyl banner,1195,1921,1418,2108
banner_533.jpg,2880,2160,vinyl banner,102,1257,224,1355
banner_531.jpg,1920,1080,vinyl banner,1602,359,1819,403
banner_531.jpg,1920,1080,vinyl banner,731,109,831,158
banner_532.jpg,3265,2449,vinyl banner,2374,1131,2490,1555
banner_532.jpg,3265,2449,vinyl banner,2425,961,2565,1477
banner_532.jpg,3265,2449,vinyl banner,2533,869,2838,1682
banner_530.jpg,2048,1152,vinyl banner,6,370,138,487
banner_534.jpg,3264,2448,vinyl banner,2528,1433,2584,1590
banner_534.jpg,3264,2448,vinyl banner,2593,1411,2738,1652
banner_534.jpg,3264,2448,vinyl banner,3157,1352,3264,1654
banner_534.jpg,3264,2448,vinyl banner,2211,1417,2349,1619
banner_53.jpg,2048,1152,vinyl banner,758,717,880,800
banner_526.jpg,1920,1080,vinyl banner,1339,278,1659,461
banner_524.jpg,3264,2448,vinyl banner,814,1008,1811,1103
banner_529.jpg,970,485,vinyl banner,1,302,413,477
banner_529.jpg,970,485,vinyl banner,416,247,763,458
banner_529.jpg,970,485,property sign,729,1,777,48
banner_529.jpg,970,485,property sign,791,1,837,49
banner_529.jpg,970,485,vinyl banner,764,224,884,323
banner_529.jpg,970,485,vinyl banner,883,215,938,281
banner_523.jpg,1600,1200,vinyl banner,1505,424,1600,660
banner_523.jpg,1600,1200,vinyl banner,1528,697,1600,831
banner_522.jpg,3984,2988,vinyl banner,714,1475,1007,1668
banner_522.jpg,3984,2988,vinyl banner,1057,1528,1454,1665
banner_522.jpg,3984,2988,vinyl banner,1124,1392,1460,1532
banner_522.jpg,3984,2988,vinyl banner,3574,1352,3984,1605
banner_528.jpg,3264,2448,vinyl banner,1722,1084,1914,1217
banner_528.jpg,3264,2448,vinyl banner,1984,1108,2114,1238
banner_528.jpg,3264,2448,vinyl banner,1733,835,1911,979
banner_528.jpg,3264,2448,vinyl banner,1795,995,1911,1103
banner_528.jpg,3264,2448,vinyl banner,1974,827,2144,1106
banner_521.jpg,3984,2988,vinyl banner,627,1185,897,1385
banner_521.jpg,3984,2988,vinyl banner,2884,1238,3124,1528
banner_518.jpg,2048,1152,vinyl banner,838,705,988,812
banner_52.jpg,2048,1536,vinyl banner,899,981,984,1046
banner_52.jpg,2048,1536,vinyl banner,1448,916,1513,968
banner_520.jpg,4032,2637,vinyl banner,2637,1811,3017,2246
banner_517.jpg,1024,540,vinyl banner,680,284,1024,402
banner_516.jpg,683,1024,vinyl banner,1,770,542,927
banner_515.jpg,1024,633,vinyl banner,134,25,238,67
banner_515.jpg,1024,633,vinyl banner,236,22,266,56
banner_512.jpg,768,1024,vinyl banner,73,281,183,367
banner_512.jpg,768,1024,vinyl banner,119,369,241,462
banner_512.jpg,768,1024,vinyl banner,541,358,725,451
banner_510.jpg,1024,768,vinyl banner,739,277,873,344
banner_510.jpg,1024,768,vinyl banner,927,284,1012,388
banner_514.jpg,1024,768,vinyl banner,903,555,1024,623
banner_51.jpg,2048,1536,vinyl banner,418,1001,671,1088
banner_513.jpg,1024,768,vinyl banner,733,130,956,263
banner_509.jpg,1024,764,vinyl banner,56,335,122,480
banner_509.jpg,1024,764,vinyl banner,268,391,327,505
banner_509.jpg,1024,764,vinyl banner,436,430,477,538
banner_509.jpg,1024,764,vinyl banner,488,493,527,565
banner_508.jpg,1024,686,vinyl banner,230,310,299,376
banner_508.jpg,1024,686,vinyl banner,553,122,688,228
banner_508.jpg,1024,686,vinyl banner,124,366,184,410
banner_505.jpg,1024,768,vinyl banner,110,82,345,136
banner_505.jpg,1024,768,vinyl banner,347,82,598,148
banner_505.jpg,1024,768,vinyl banner,593,74,841,149
banner_504.jpg,1024,681,vinyl banner,82,24,803,149
banner_504.jpg,1024,681,vinyl banner,1,65,96,181
banner_504.jpg,1024,681,vinyl banner,801,17,1024,171
banner_504.jpg,1024,681,vinyl banner,470,257,537,295
banner_504.jpg,1024,681,vinyl banner,407,256,461,294
banner_506.jpg,4608,3456,vinyl banner,3986,2530,4608,3015
banner_507.jpg,2048,1152,vinyl banner,676,811,862,881
banner_503.jpg,3264,2448,vinyl banner,2309,1308,2844,1419
banner_502.jpg,450,450,vinyl banner,3,141,450,327
banner_501.jpg,3264,2448,vinyl banner,2487,1395,2630,1484
banner_5.jpg,2048,1536,vinyl banner,896,986,991,1051
banner_5.jpg,2048,1536,vinyl banner,1433,908,1519,971
banner_499.jpg,5248,3936,vinyl banner,1900,1661,2908,1857
banner_70.jpg,2048,1152,vinyl banner,1224,529,1776,679
banner_70.jpg,2048,1152,vinyl banner,1523,667,1721,762
banner_65.jpg,2048,1536,vinyl banner,646,510,1291,740
banner_66.jpg,2048,1536,vinyl banner,861,961,971,1148
banner_66.jpg,2048,1536,vinyl banner,1,1,384,460
banner_64.jpg,2048,1152,vinyl banner,1097,391,1305,465
banner_64.jpg,2048,1152,vinyl banner,924,464,1102,535
banner_63.jpg,2048,1152,vinyl banner,870,534,1158,691
banner_69.jpg,2048,1536,vinyl banner,1009,646,1364,785
banner_68.jpg,2048,1536,vinyl banner,899,980,986,1046
banner_68.jpg,2048,1536,vinyl banner,1438,918,1514,965
banner_62.jpg,2048,1152,vinyl banner,680,344,1102,596
banner_6.jpg,2048,1152,vinyl banner,573,814,888,891
banner_60.jpg,2048,1536,vinyl banner,711,985,879,1118
banner_59.jpg,2048,1536,vinyl banner,1804,833,2001,971
banner_58.jpg,2048,1152,vinyl banner,926,162,1199,478
banner_61.jpg,2048,1152,vinyl banner,746,1,1058,391
banner_57.jpg,2048,1536,vinyl banner,898,985,984,1045
banner_57.jpg,2048,1536,vinyl banner,1443,908,1523,981
banner_547.jpg,2592,1936,vinyl banner,2277,831,2592,1156
banner_547.jpg,2592,1936,vinyl banner,1450,875,1663,939
banner_547.jpg,2592,1936,vinyl banner,1356,892,1426,1033
banner_546.jpg,3264,2448,vinyl banner,268,1441,968,1592
banner_55.jpg,2048,1152,vinyl banner,593,806,837,861
banner_545.jpg,2592,1936,vinyl banner,1716,1088,2190,1216
banner_545.jpg,2592,1936,vinyl banner,1743,1192,1980,1292
banner_549.jpg,3264,2448,vinyl banner,1414,1373,1795,1479
banner_544.jpg,3264,2448,vinyl banner,1,879,379,1106
banner_544.jpg,3264,2448,vinyl banner,3017,363,3093,979
banner_544.jpg,3264,2448,vinyl banner,3079,333,3193,949
banner_543.jpg,4000,3000,vinyl banner,3295,1314,3848,1498
banner_543.jpg,4000,3000,vinyl banner,3095,1354,3235,1434
property_121.jpg,615,409,property sign,245,42,423,204
property_121.jpg,615,409,property sign,1,2,249,218
property_121.jpg,615,409,property sign,348,132,468,270
property_121.jpg,615,409,property sign,484,250,575,336
property_121.jpg,615,409,property sign,470,289,577,399
property_118.jpg,668,445,property sign,501,32,668,282
property_117.jpg,2047,1151,property sign,1177,456,1251,534
property_119.jpg,372,279,property sign,283,34,372,182
property_116.jpg,2048,1152,property sign,413,308,591,554
property_12.jpg,615,420,property sign,24,37,241,309
property_12.jpg,615,420,property sign,302,207,407,337
property_12.jpg,615,420,property sign,434,286,483,355
property_115.jpg,2048,1536,property sign,418,26,595,379
property_111.jpg,2047,1151,property sign,859,193,955,356
property_110.jpg,2048,1152,property sign,494,185,626,331
property_110.jpg,2048,1152,vinyl banner,884,282,1051,441
property_109.jpg,2048,1536,property sign,1849,661,1926,784
property_113.jpg,2048,1152,property sign,1149,463,1244,562
property_108.jpg,2048,1536,property sign,233,893,438,1125
property_107.jpg,2048,1152,property sign,375,218,541,380
property_107.jpg,2048,1152,property sign,794,476,875,572
property_105.jpg,2048,1536,property sign,1661,608,1713,672
property_102.jpg,2048,1152,property sign,701,150,862,346
property_103.jpg,2048,1152,property sign,1133,443,1180,496
property_103.jpg,2048,1152,property sign,1622,353,1733,450
property_106.jpg,2048,1152,property sign,365,344,462,433
property_101.jpg,2048,1536,property sign,1576,680,1677,772
property_100.jpg,2048,1536,property sign,674,795,782,920
banner_99.jpg,1024,681,vinyl banner,767,274,948,313
banner_98.jpg,1024,422,vinyl banner,340,58,518,115
banner_98.jpg,1024,422,vinyl banner,976,144,1024,278
banner_98.jpg,1024,422,vinyl banner,31,135,93,217
property_10.jpg,615,912,property sign,32,16,251,240
property_10.jpg,615,912,property sign,76,260,301,489
property_10.jpg,615,912,property sign,249,170,429,367
property_10.jpg,615,912,property sign,358,103,574,291
property_10.jpg,615,912,property sign,383,297,536,498
property_10.jpg,615,912,property sign,531,286,615,548
banner_97.jpg,1024,680,vinyl banner,411,341,636,464
banner_96.jpg,1024,607,vinyl banner,652,285,792,342
banner_96.jpg,1024,607,vinyl banner,798,280,924,354
property_1.jpg,2000,1333,property sign,15,49,694,545
property_1.jpg,2000,1333,property sign,682,201,1071,598
property_1.jpg,2000,1333,property sign,1124,298,1545,649
property_1.jpg,2000,1333,property sign,1589,376,1939,698
banner_95.jpg,1024,768,vinyl banner,392,307,517,439
banner_95.jpg,1024,768,vinyl banner,847,134,1024,230
banner_89.jpg,1024,768,vinyl banner,194,157,452,297
banner_89.jpg,1024,768,vinyl banner,343,267,431,405
banner_89.jpg,1024,768,vinyl banner,208,357,346,445
banner_89.jpg,1024,768,vinyl banner,508,342,798,423
banner_87.jpg,1024,683,vinyl banner,276,529,626,656
banner_94.jpg,1024,672,vinyl banner,804,60,1024,254
banner_86.jpg,1024,768,vinyl banner,804,499,931,528
banner_91.jpg,1024,681,vinyl banner,271,9,561,167
banner_85.jpg,1024,768,vinyl banner,2,238,184,335
banner_82.jpg,1024,683,vinyl banner,120,241,188,308
banner_82.jpg,1024,683,vinyl banner,342,313,376,421
banner_82.jpg,1024,683,vinyl banner,388,315,428,426
banner_80.jpg,1024,683,vinyl banner,246,459,406,523
banner_80.jpg,1024,683,vinyl banner,781,200,828,303
banner_80.jpg,1024,683,vinyl banner,55,220,121,301
banner_80.jpg,1024,683,vinyl banner,689,262,728,331
banner_8.jpg,2048,1536,vinyl banner,893,991,979,1045
banner_8.jpg,2048,1536,vinyl banner,1446,910,1514,965
banner_81.jpg,1024,683,vinyl banner,341,311,569,365
banner_81.jpg,1024,683,vinyl banner,864,189,1001,403
banner_81.jpg,1024,683,vinyl banner,896,387,962,439
banner_79.jpg,600,335,vinyl banner,43,90,559,249
banner_78.jpg,1024,732,vinyl banner,738,1,1006,123
banner_77.jpg,1024,682,vinyl banner,407,79,663,184
banner_74.jpg,2048,1152,vinyl banner,600,717,687,788
banner_74.jpg,2048,1152,property sign,1818,461,1914,564
banner_75.jpg,1024,683,vinyl banner,453,60,1015,329
banner_76.jpg,4128,3096,vinyl banner,310,1204,655,1480
banner_73.jpg,2048,1152,property sign,1096,478,1177,565
banner_71.jpg,2048,1152,vinyl banner,1335,418,1733,567
property_166.jpg,1067,800,property sign,28,28,670,708
property_166.jpg,1067,800,property sign,778,539,1044,775
property_167.jpg,2048,1152,property sign,391,222,520,386
property_167.jpg,2048,1152,property sign,796,486,874,585
property_165.jpg,2047,1151,property sign,861,204,957,356
property_164.jpg,372,279,property sign,24,56,100,177
property_163.jpg,2047,1151,property sign,1162,460,1251,534
property_162.jpg,2048,1152,property sign,1836,279,2048,462
property_160.jpg,2000,1335,property sign,85,114,992,1036
property_160.jpg,2000,1335,property sign,979,330,1538,1029
property_16.jpg,615,409,property sign,3,126,160,304
property_157.jpg,2048,1152,property sign,558,631,710,782
property_153.jpg,640,498,property sign,475,158,633,285
property_155.jpg,2048,1152,property sign,307,160,526,392
property_154.jpg,2048,1536,property sign,1203,687,1331,861
property_156.jpg,2048,1152,property sign,1704,389,1868,520
property_152.jpg,2048,1152,property sign,1859,527,1928,598
property_151.jpg,2048,1152,property sign,923,572,970,624
property_149.jpg,2048,1536,property sign,218,954,302,1074
property_147.jpg,2048,1152,vinyl banner,728,1,1117,260
property_147.jpg,2048,1152,property sign,941,254,1107,382
property_15.jpg,615,410,property sign,92,116,186,234
property_150.jpg,2048,1152,property sign,1355,544,1458,625
property_146.jpg,2048,1152,property sign,1142,392,1220,482
property_146.jpg,2048,1152,vinyl banner,603,21,710,254
property_146.jpg,2048,1152,vinyl banner,1038,264,1130,440
property_145.jpg,2048,1152,property sign,493,321,639,456
property_141.jpg,668,445,property sign,424,17,625,261
property_142.jpg,2048,1536,property sign,1667,731,1751,811
property_143.jpg,2048,1152,property sign,1283,501,1333,556
property_144.jpg,2048,1152,property sign,1300,201,1393,320
property_140.jpg,2048,1152,property sign,951,567,993,627
property_14.jpg,615,409,property sign,317,62,563,331
property_14.jpg,615,409,property sign,203,148,340,337
property_135.jpg,2400,1600,property sign,1596,690,1920,1034
property_132.jpg,2048,1536,property sign,1561,670,1699,779
property_136.jpg,2400,1600,property sign,1607,665,1900,1016
property_134.jpg,2048,1536,property sign,1213,608,1258,651
property_131.jpg,2048,1536,property sign,1369,988,1438,1057
property_139.jpg,2048,1152,property sign,888,238,1022,378
property_138.jpg,2047,1151,property sign,938,228,1022,359
property_130.jpg,668,446,property sign,69,81,192,224
property_127.jpg,2047,1151,property sign,687,738,735,795
property_128.jpg,308,243,property sign,68,9,199,136
property_129.jpg,2048,1536,property sign,643,402,840,675
property_126.jpg,2400,1600,property sign,122,630,391,858
property_123.jpg,1200,630,property sign,128,28,507,475
property_123.jpg,1200,630,property sign,495,247,638,524
property_123.jpg,1200,630,property sign,627,401,692,496
property_13.jpg,1200,900,property sign,226,49,630,484
property_13.jpg,1200,900,property sign,996,215,1157,374
property_203.jpg,2048,1536,property sign,531,792,630,911
property_204.jpg,2048,1152,property sign,1435,559,1486,625
property_205.jpg,2048,1152,property sign,1025,449,1103,531
property_201.jpg,2048,1152,property sign,1642,366,1813,528
property_207.jpg,2048,1152,property sign,1596,251,1813,449
property_206.jpg,2048,1152,property sign,1229,483,1325,601
property_200.jpg,668,501,property sign,524,163,603,254
property_2.jpg,372,279,property sign,284,54,365,163
property_199.jpg,668,445,property sign,429,203,551,326
property_198.jpg,2047,1151,property sign,132,517,238,672
property_20.jpg,2048,1536,property sign,1884,674,2033,846
property_20.jpg,2048,1536,property sign,1143,747,1213,810
property_197.jpg,2048,1152,property sign,380,211,541,364
property_197.jpg,2048,1152,property sign,809,467,875,586
property_195.jpg,2047,1151,property sign,1491,841,1594,927
property_190.jpg,2048,1152,property sign,229,166,461,428
property_190.jpg,2048,1152,property sign,1073,454,1136,528
property_19.jpg,372,279,property sign,247,2,360,134
property_189.jpg,2048,1536,property sign,961,434,1140,611
property_194.jpg,2047,1151,property sign,1265,588,1315,663
property_188.jpg,2048,1152,property sign,1125,438,1223,554
property_193.jpg,2048,1152,property sign,1767,525,1829,586
property_185.jpg,2048,1152,property sign,1,230,200,424
property_185.jpg,2048,1152,vinyl banner,490,141,720,311
property_187.jpg,2048,1536,property sign,1585,675,1669,770
property_184.jpg,2048,1152,property sign,1193,549,1249,604
property_182.jpg,2048,1536,property sign,835,982,907,1067
property_182.jpg,2048,1536,property sign,985,1023,1076,1123
property_186.jpg,2048,1536,vinyl banner,338,1010,512,1090
property_186.jpg,2048,1536,property sign,1635,959,1702,1038
property_181.jpg,2048,1536,property sign,881,765,933,823
property_180.jpg,2048,1536,property sign,1333,843,1384,892
property_179.jpg,2048,1536,property sign,861,1038,902,1088
property_179.jpg,2048,1536,property sign,958,1049,994,1118
property_18.jpg,1200,675,property sign,88,17,339,490
property_18.jpg,1200,675,property sign,545,176,936,521
property_178.jpg,2048,1152,property sign,1510,543,1580,622
property_177.jpg,2048,1152,property sign,1457,585,1545,685
property_176.jpg,2048,1536,property sign,1326,515,1479,700
property_174.jpg,2048,1536,property sign,1717,738,1817,838
property_175.jpg,1920,1080,property sign,1615,536,1650,572
property_173.jpg,2048,1536,property sign,795,815,869,888
property_171.jpg,2048,1152,property sign,1184,404,1383,567
property_169.jpg,2048,1152,property sign,17,135,188,409
property_170.jpg,2047,1151,property sign,1133,438,1213,521
property_17.jpg,615,410,property sign,131,18,284,259
property_168.jpg,2048,1152,property sign,1283,478,1354,538
property_235.jpg,2048,1152,property sign,911,668,948,714
property_235.jpg,2048,1152,vinyl banner,1,492,130,650
property_233.jpg,2048,1536,property sign,1705,577,1849,723
property_228.jpg,2048,1152,property sign,384,215,525,369
property_228.jpg,2048,1152,property sign,803,478,875,585
property_227.jpg,2048,1536,property sign,510,1031,572,1113
property_227.jpg,2048,1536,property sign,1,947,51,1092
property_226.jpg,668,445,property sign,121,102,240,252
property_232.jpg,2048,1152,property sign,1038,553,1097,618
property_230.jpg,2048,1152,property sign,693,449,742,504
property_225.jpg,2048,1152,property sign,946,321,1054,433
property_225.jpg,2048,1152,vinyl banner,1870,443,2048,489
property_224.jpg,2048,1152,property sign,674,627,738,706
property_221.jpg,2048,1536,property sign,1543,877,1597,928
property_221.jpg,2048,1536,property sign,689,870,749,944
property_220.jpg,2048,1536,property sign,481,697,636,847
property_219.jpg,2048,1152,property sign,890,356,1026,562
property_218.jpg,2048,1152,property sign,648,598,709,650
property_223.jpg,2047,1151,property sign,855,211,968,367
property_217.jpg,2048,1536,property sign,1177,767,1235,846
property_215.jpg,2048,1152,property sign,1054,512,1075,549
property_212.jpg,2048,1152,vinyl banner,1230,346,1367,466
property_212.jpg,2048,1152,property sign,997,325,1084,441
property_216.jpg,2048,1152,property sign,970,431,1062,537
property_210.jpg,2047,1151,property sign,81,473,173,620
property_21.jpg,2048,1536,property sign,1692,882,1754,964
property_21.jpg,2048,1536,property sign,1603,895,1643,949
property_209.jpg,2048,1152,property sign,1303,564,1352,608
property_255.jpg,2048,1152,property sign,696,596,759,657
property_254.jpg,2048,1152,property sign,1749,495,1810,578
property_251.jpg,2048,1536,property sign,94,890,181,1039
property_252.jpg,2048,1152,property sign,1568,257,1787,451
property_253.jpg,2048,1152,property sign,830,512,923,604
property_25.jpg,2048,1152,property sign,506,225,603,317
property_249.jpg,2047,1151,property sign,523,688,597,763
property_248.jpg,2047,1151,property sign,252,625,342,730
property_242.jpg,2048,1152,property sign,958,462,1013,528
property_243.jpg,300,169,property sign,11,2,191,143
property_243.jpg,300,169,property sign,192,54,283,169
property_246.jpg,2048,1152,property sign,322,164,545,398
property_241.jpg,2048,1152,property sign,542,208,699,353
property_240.jpg,300,169,property sign,38,43,150,160
property_240.jpg,300,169,property sign,190,7,262,159
property_245.jpg,880,645,property sign,679,187,829,372
property_24.jpg,2048,1536,property sign,1815,918,1931,1093
property_238.jpg,2048,1152,property sign,559,208,812,480
property_237.jpg,2047,1151,property sign,726,786,764,833
property_236.jpg,2048,1152,property sign,730,528,810,606
property_239.jpg,2048,1152,property sign,1367,627,1426,689
property_239.jpg,2048,1152,vinyl banner,1432,601,1504,663
property_30.jpg,2048,1536,property sign,1179,556,1430,754
property_3.jpg,668,376,property sign,481,65,648,252
property_302.jpg,2048,1152,property sign,725,606,765,653
property_299.jpg,2048,1152,property sign,909,443,973,509
property_296.jpg,2048,1536,property sign,41,216,177,380
property_296.jpg,2048,1536,property sign,902,567,989,669
property_295.jpg,2048,1536,property sign,715,434,784,529
property_294.jpg,2047,1151,property sign,1161,449,1261,534
property_298.jpg,2048,1152,property sign,1242,495,1303,559
property_293.jpg,2048,1536,property sign,718,672,817,764
property_297.jpg,2047,1151,property sign,1141,443,1219,521
property_290.jpg,2047,1151,property sign,1375,383,1436,483
property_291.jpg,2048,1536,property sign,1084,138,1430,561
property_29.jpg,2048,1152,property sign,1920,78,2048,289
property_292.jpg,2048,1152,property sign,691,147,874,335
property_289.jpg,1280,720,property sign,223,408,275,455
property_288.jpg,2048,1536,property sign,1490,620,1676,887
property_284.jpg,2048,1152,property sign,193,147,399,337
property_284.jpg,2048,1152,property sign,748,480,829,583
property_283.jpg,2048,1152,property sign,662,647,778,763
property_283.jpg,2048,1152,property sign,809,649,887,721
property_287.jpg,2048,1152,property sign,1878,396,2048,579
property_281.jpg,2048,1152,property sign,210,1,457,162
property_281.jpg,2048,1152,property sign,877,398,949,485
property_285.jpg,2048,1152,property sign,844,192,948,341
property_285.jpg,2048,1152,property sign,1194,420,1296,521
property_279.jpg,2048,1152,property sign,874,389,939,483
property_279.jpg,2048,1152,property sign,209,1,458,147
property_278.jpg,2048,1536,property sign,787,490,1044,925
property_276.jpg,372,279,property sign,1,132,52,206
property_275.jpg,2048,1536,property sign,217,977,307,1110
property_275.jpg,2048,1536,property sign,556,1029,613,1106
property_277.jpg,2048,1152,property sign,1780,1,2029,401
property_274.jpg,2048,1152,property sign,613,382,686,446
property_274.jpg,2048,1152,property sign,13,288,158,449
property_273.jpg,2048,1152,property sign,1145,440,1312,580
property_272.jpg,2048,1152,property sign,1790,437,1854,506
property_272.jpg,2048,1152,property sign,1438,462,1494,520
property_268.jpg,2048,1152,property sign,1372,120,1559,296
property_268.jpg,2048,1152,property sign,509,322,591,404
property_27.jpg,2048,1152,property sign,1575,544,1652,633
property_271.jpg,2048,1152,property sign,1151,564,1203,617
property_267.jpg,615,409,property sign,329,47,481,278
property_267.jpg,615,409,property sign,480,21,601,283
property_267.jpg,615,409,property sign,124,54,251,266
property_267.jpg,615,409,property sign,17,55,129,240
property_270.jpg,2048,1536,property sign,135,559,302,772
property_266.jpg,1200,630,property sign,74,3,357,431
property_266.jpg,1200,630,property sign,904,332,1072,523
property_264.jpg,2048,1152,property sign,1542,378,1588,435
property_261.jpg,2048,1152,property sign,778,341,881,444
property_260.jpg,2048,1152,property sign,933,335,1064,498
property_26.jpg,640,427,property sign,252,162,320,252
property_257.jpg,2048,1152,property sign,1297,641,1355,696
property_262.jpg,2048,1152,property sign,877,635,935,698
property_327.jpg,2048,1536,property sign,1931,710,2002,806
property_326.jpg,2048,1152,property sign,184,4,446,328
property_325.jpg,2048,1152,property sign,1201,640,1309,756
property_323.jpg,668,445,property sign,1,82,173,264
property_322.jpg,2048,1152,property sign,1859,312,1973,437
property_321.jpg,2048,1152,property sign,1104,318,1364,596
property_320.jpg,2047,1151,property sign,846,199,961,343
property_317.jpg,2048,1536,property sign,507,695,644,862
property_316.jpg,2048,1152,property sign,710,634,751,682
property_315.jpg,2048,1536,property sign,531,674,643,823
property_314.jpg,2048,1536,property sign,1512,100,1735,325
property_314.jpg,2048,1536,property sign,1154,459,1225,551
property_313.jpg,2048,1536,property sign,666,551,879,782
property_306.jpg,2048,1536,property sign,1028,659,1133,780
property_306.jpg,2048,1536,property sign,3,623,54,700
property_305.jpg,2048,1152,property sign,1278,463,1336,514
property_301.jpg,2048,1152,property sign,223,1,465,163
property_301.jpg,2048,1152,property sign,877,404,948,467
property_300.jpg,2048,1152,property sign,1364,540,1455,633
property_303.jpg,2048,1152,property sign,1228,362,1390,535
property_362.jpg,2048,1536,property sign,512,803,584,897
property_366.jpg,2048,1152,property sign,309,492,436,606
property_360.jpg,2048,1536,property sign,740,970,792,1033
property_360.jpg,2048,1536,property sign,872,1003,907,1061
property_36.jpg,2048,1152,property sign,1139,549,1228,638
property_356.jpg,1600,1600,property sign,5,159,933,1204
property_356.jpg,1600,1600,property sign,893,215,1551,1068
property_358.jpg,2048,1152,property sign,390,50,597,253
property_358.jpg,2048,1152,property sign,901,414,957,486
property_354.jpg,2048,1536,property sign,1707,788,1758,870
property_353.jpg,2048,1536,property sign,1938,1028,2048,1146
property_359.jpg,643,501,property sign,443,62,594,189
property_352.jpg,640,480,property sign,74,109,217,269
property_348.jpg,640,426,property sign,36,54,164,207
property_349.jpg,2048,1152,property sign,1212,409,1281,491
property_351.jpg,2048,1536,property sign,717,792,789,865
property_347.jpg,2048,1152,property sign,881,641,923,698
property_35.jpg,2048,1152,property sign,394,292,465,366
property_35.jpg,2048,1152,property sign,1368,2,1565,102
property_346.jpg,2048,1152,property sign,1715,567,1759,609
property_345.jpg,2048,1152,property sign,1244,289,1465,506
property_341.jpg,2048,1152,property sign,1167,314,1365,506
property_343.jpg,2048,1152,property sign,1761,498,1825,572
property_342.jpg,636,382,property sign,353,54,580,213
property_342.jpg,636,382,property sign,258,64,372,256
property_342.jpg,636,382,property sign,130,96,269,246
property_344.jpg,2047,1151,property sign,857,198,958,350
property_340.jpg,2048,1152,property sign,1230,383,1357,517
property_34.jpg,2048,1536,property sign,631,564,766,695
property_338.jpg,2048,1152,property sign,67,373,191,534
property_337.jpg,2048,1152,property sign,494,364,609,488
property_337.jpg,2048,1152,property sign,1348,485,1400,541
property_337.jpg,2048,1152,property sign,1307,456,1359,512
property_337.jpg,2048,1152,property sign,1273,488,1319,537
property_335.jpg,2048,1152,property sign,1112,491,1201,575
property_339.jpg,2048,1152,property sign,1378,421,1451,489
property_333.jpg,2047,1151,property sign,1123,450,1217,537
property_331.jpg,2048,1536,property sign,1136,480,1344,693
property_331.jpg,2048,1536,property sign,538,603,699,749
property_311.jpg,2048,1536,property sign,1961,559,2048,713
property_31.jpg,2048,1152,property sign,46,185,275,524
property_308.jpg,666,501,property sign,255,195,335,319
property_330.jpg,668,445,property sign,463,93,586,226
property_329.jpg,668,447,property sign,14,10,180,320
property_328.jpg,2048,1152,property sign,684,340,815,483
property_328.jpg,2048,1152,property sign,1088,485,1149,541
property_41.jpg,2048,1536,property sign,1584,672,1677,770
property_404.jpg,2048,1152,property sign,1507,527,1571,598
property_402.jpg,2048,1152,property sign,816,362,891,453
property_399.jpg,2454,1759,property sign,279,61,1162,931
property_399.jpg,2454,1759,property sign,1198,693,2249,1685
property_398.jpg,2048,1152,property sign,678,285,748,369
property_400.jpg,2048,1536,property sign,1644,710,1761,825
property_397.jpg,525,328,property sign,16,27,123,148
property_4.jpg,668,445,property sign,95,92,210,223
property_396.jpg,668,445,property sign,78,44,203,214
property_395.jpg,668,445,property sign,180,90,280,241
property_390.jpg,2048,1152,property sign,203,544,317,637
property_39.jpg,2048,1536,property sign,495,708,628,846
property_393.jpg,2048,1152,property sign,839,414,913,504
property_389.jpg,2048,1152,property sign,223,1,477,167
property_389.jpg,2048,1152,property sign,875,402,941,473
property_391.jpg,2048,1152,property sign,1216,420,1296,509
property_388.jpg,2048,1152,property sign,1746,544,1799,595
property_387.jpg,2048,1152,property sign,29,218,161,330
property_385.jpg,2048,1152,property sign,55,176,141,283
property_384.jpg,2048,1152,property sign,503,628,552,682
property_386.jpg,2048,1536,property sign,477,746,543,833
property_386.jpg,2048,1536,property sign,1710,595,1812,705
property_382.jpg,2048,1152,property sign,1594,9,2048,531
property_380.jpg,2048,1152,property sign,301,101,490,370
property_38.jpg,640,427,property sign,76,100,175,219
property_378.jpg,2048,1152,property sign,375,205,526,366
property_378.jpg,2048,1152,property sign,801,478,867,586
property_377.jpg,2048,1152,property sign,191,191,388,428
property_376.jpg,2048,1152,property sign,1430,499,1522,599
property_379.jpg,2048,1152,property sign,329,505,404,595
property_375.jpg,668,501,property sign,366,165,448,253
property_374.jpg,668,445,property sign,66,113,156,243
property_370.jpg,2048,1152,property sign,642,602,691,657
property_371.jpg,2048,1152,property sign,1368,538,1442,630
property_37.jpg,2048,1152,property sign,513,278,584,380
property_373.jpg,2048,1152,property sign,1493,749,1544,798
property_372.jpg,2048,1152,property sign,1438,231,1880,644
property_369.jpg,2048,1536,property sign,1790,743,1843,808
property_368.jpg,2048,1152,property sign,1883,415,1971,501
property_365.jpg,668,445,property sign,510,46,668,229
property_364.jpg,668,446,property sign,457,8,616,200
property_367.jpg,2048,1152,property sign,1067,364,1129,462
property_428.jpg,668,488,property sign,508,61,656,267
property_433.jpg,668,500,property sign,18,153,129,296
property_425.jpg,668,445,property sign,90,58,178,214
property_422.jpg,668,501,property sign,5,178,144,332
property_421.jpg,668,445,property sign,450,62,640,259
property_420.jpg,668,445,property sign,177,177,272,270
property_42.jpg,2048,1152,property sign,832,331,917,441
property_424.jpg,668,445,property sign,534,52,668,219
property_423.jpg,300,168,property sign,59,14,111,104
property_419.jpg,640,427,property sign,237,22,527,291
property_414.jpg,668,446,property sign,467,146,651,319
property_415.jpg,668,446,property sign,78,44,198,237
property_412.jpg,668,445,property sign,43,125,181,299
property_417.jpg,372,279,property sign,261,42,350,180
property_417.jpg,372,279,property sign,1,47,42,186
property_416.jpg,668,446,property sign,452,26,624,215
property_411.jpg,2048,1536,property sign,1233,749,1312,849
property_410.jpg,1280,960,property sign,410,135,627,332
property_407.jpg,1920,1080,property sign,1611,525,1658,574
property_409.jpg,2048,1152,property sign,1788,367,1870,451
property_408.jpg,2048,1536,property sign,130,662,310,856
property_448.jpg,360,240,property sign,15,51,91,140
property_45.jpg,1280,960,property sign,775,288,892,450
property_449.jpg,360,240,property sign,50,60,112,143
property_450.jpg,360,240,property sign,257,46,345,138
property_446.jpg,1440,960,property sign,809,274,1050,579
property_445.jpg,1440,960,property sign,3,172,334,589
property_444.jpg,720,480,property sign,1,25,151,286
property_443.jpg,720,480,property sign,542,140,690,319
property_442.jpg,720,480,property sign,450,125,599,303
property_441.jpg,600,450,property sign,383,40,510,213
property_440.jpg,600,400,property sign,393,116,460,206
property_439.jpg,340,255,property sign,31,98,85,161
property_438.jpg,700,525,property sign,548,214,626,305
property_437.jpg,412,275,property sign,156,112,202,162
property_44.jpg,2048,1152,property sign,839,431,891,501
property_436.jpg,668,443,property sign,1,66,142,224
property_435.jpg,372,279,property sign,226,50,319,156
property_430.jpg,1024,683,property sign,631,69,962,432
property_430.jpg,1024,683,property sign,305,326,481,508
property_430.jpg,1024,683,property sign,129,369,252,485
property_43.jpg,2048,1152,property sign,786,353,839,401
property_429.jpg,668,445,property sign,385,230,440,314
property_434.jpg,668,445,property sign,455,113,552,227
property_476.jpg,752,501,property sign,258,106,374,219
property_476.jpg,752,501,property sign,372,56,508,205
property_472.jpg,277,182,property sign,96,36,216,137
property_471.jpg,259,194,property sign,144,19,259,137
property_468.jpg,620,465,property sign,53,35,265,222
property_468.jpg,620,465,property sign,209,132,366,282
property_468.jpg,620,465,property sign,488,263,588,367
property_47.jpg,2048,1152,property sign,471,235,562,456
property_467.jpg,1500,500,property sign,42,156,399,500
property_467.jpg,1500,500,property sign,745,6,1345,500
property_466.jpg,300,200,property sign,27,99,64,168
property_466.jpg,300,200,property sign,53,58,147,162
property_466.jpg,300,200,property sign,143,45,290,200
property_470.jpg,300,165,property sign,56,16,164,125
property_470.jpg,300,165,property sign,156,20,228,106
property_470.jpg,300,165,property sign,224,65,291,135
property_465.jpg,1200,900,property sign,1,1,435,270
property_465.jpg,1200,900,property sign,271,182,652,492
property_462.jpg,668,446,property sign,59,53,245,251
property_460.jpg,372,279,property sign,236,6,352,147
property_461.jpg,668,445,property sign,27,95,125,256
property_463.jpg,1240,700,property sign,452,9,858,404
property_463.jpg,1240,700,property sign,256,316,462,517
property_46.jpg,2048,1152,property sign,759,364,867,495
property_459.jpg,668,445,property sign,519,114,650,245
property_455.jpg,680,392,property sign,506,99,638,269
property_453.jpg,360,240,property sign,255,79,341,175
property_458.jpg,680,392,property sign,1,51,99,192
property_456.jpg,680,392,property sign,579,69,673,211
property_457.jpg,680,392,property sign,358,1,505,211
property_452.jpg,360,240,property sign,248,87,360,226
property_451.jpg,360,240,property sign,43,17,119,118
property_498.jpg,1440,809,property sign,790,98,1182,607
property_498.jpg,1440,809,property sign,506,103,845,547
property_498.jpg,1440,809,property sign,221,151,500,512
property_498.jpg,1440,809,property sign,50,441,394,747
property_496.jpg,620,330,property sign,92,124,244,297
property_496.jpg,620,330,property sign,207,1,373,153
property_496.jpg,620,330,property sign,404,116,548,293
property_50.jpg,885,560,property sign,552,3,805,206
property_50.jpg,885,560,property sign,420,127,594,295
property_50.jpg,885,560,property sign,422,1,569,119
property_50.jpg,885,560,property sign,328,206,473,334
property_50.jpg,885,560,property sign,236,340,362,450
property_50.jpg,885,560,property sign,149,353,245,427
property_50.jpg,885,560,property sign,105,473,182,555
property_50.jpg,885,560,property sign,161,407,277,497
property_495.jpg,1233,810,property sign,222,58,711,563
property_492.jpg,1200,798,property sign,8,63,685,739
property_49.jpg,640,480,property sign,44,118,152,272
property_489.jpg,450,260,property sign,114,16,355,239
property_488.jpg,1024,768,property sign,327,48,614,449
property_488.jpg,1024,768,property sign,632,49,765,467
property_494.jpg,2500,1643,property sign,1607,699,2002,1080
property_494.jpg,2500,1643,property sign,2023,594,2428,1024
property_494.jpg,2500,1643,property sign,297,848,595,1122
property_494.jpg,2500,1643,property sign,988,855,1328,1183
property_494.jpg,2500,1643,property sign,691,780,1165,1112
property_493.jpg,388,259,property sign,25,15,201,190
property_493.jpg,388,259,property sign,284,190,306,211
property_487.jpg,1200,630,property sign,106,1,362,221
property_487.jpg,1200,630,property sign,544,96,707,272
property_487.jpg,1200,630,property sign,695,105,827,250
property_482.jpg,640,480,property sign,58,42,351,287
property_482.jpg,640,480,property sign,318,122,575,416
property_483.jpg,960,540,property sign,446,128,766,451
property_483.jpg,960,540,property sign,142,162,435,496
property_480.jpg,389,258,property sign,211,71,337,205
property_480.jpg,389,258,property sign,138,94,216,180
property_480.jpg,389,258,property sign,101,99,148,157
property_480.jpg,389,258,property sign,64,114,109,164
property_485.jpg,620,288,property sign,32,42,283,285
property_485.jpg,620,288,property sign,272,72,391,216
property_485.jpg,620,288,property sign,357,6,581,126
property_48.jpg,1920,1080,property sign,1577,526,1623,575
property_479.jpg,1600,1600,property sign,388,121,1195,946
property_475.jpg,1240,700,property sign,233,49,545,394
property_475.jpg,1240,700,property sign,504,180,744,497
property_475.jpg,1240,700,property sign,876,411,988,560
property_478.jpg,620,385,property sign,211,12,581,378
property_474.jpg,279,181,property sign,108,35,235,154
property_474.jpg,279,181,property sign,14,37,119,146
property_473.jpg,280,180,property sign,26,31,98,118
property_72.jpg,2048,1152,property sign,1903,349,2048,537
property_72.jpg,2048,1152,property sign,603,266,693,389
property_7.jpg,615,409,property sign,246,41,420,207
property_7.jpg,615,409,property sign,1,1,253,227
property_7.jpg,615,409,property sign,341,132,465,270
property_7.jpg,615,409,property sign,488,247,576,334
property_7.jpg,615,409,property sign,464,285,574,393
property_71.jpg,2048,1152,property sign,1106,420,1196,502
property_69.jpg,2048,1152,property sign,1168,443,1280,564
property_77.jpg,2048,1152,property sign,865,401,945,480
property_77.jpg,2048,1152,property sign,226,1,490,160
property_76.jpg,2048,1152,property sign,1670,554,1720,608
property_68.jpg,2048,1152,property sign,828,547,887,620
property_65.jpg,2048,1152,property sign,1359,546,1462,622
property_64.jpg,2048,1152,property sign,1762,440,1819,501
property_63.jpg,2048,1536,property sign,1179,582,1228,641
property_66.jpg,2047,1151,property sign,858,201,954,360
property_61.jpg,2048,1536,property sign,1267,841,1333,898
property_60.jpg,2048,1152,property sign,1083,395,1236,525
property_54.jpg,2048,1152,property sign,1726,530,1762,575
property_56.jpg,640,427,property sign,52,108,190,254
property_6.jpg,615,388,property sign,53,146,140,243
property_6.jpg,615,388,property sign,184,8,379,197
property_53.jpg,2048,1152,property sign,659,288,752,382
property_52.jpg,2048,1536,property sign,584,577,740,805
property_51.jpg,2048,1152,property sign,1201,409,1373,560
property_499.jpg,3000,1996,property sign,687,188,1482,937
property_499.jpg,3000,1996,property sign,340,1268,908,1841
property_499.jpg,3000,1996,property sign,1044,1083,1884,1751
property_5.jpg,640,340,property sign,222,92,377,290
property_5.jpg,640,340,property sign,381,56,586,267
property_501.jpg,3342,3342,property sign,599,348,2713,3080
property_95.jpg,2048,1152,property sign,773,563,841,651
property_94.jpg,2048,1536,property sign,1602,1,1949,254
property_93.jpg,2048,1152,property sign,1235,533,1320,612
property_92.jpg,2048,1152,property sign,841,327,965,454
property_99.jpg,2048,1536,property sign,362,715,507,870
property_91.jpg,2048,1152,property sign,1423,469,1467,518
property_89.jpg,2048,1152,property sign,1123,506,1207,576
property_88.jpg,2047,1151,property sign,1188,460,1270,528
property_87.jpg,2048,1152,property sign,780,314,881,405
property_87.jpg,2048,1152,property sign,262,428,345,492
property_86.jpg,2048,1152,property sign,1675,591,1786,720
property_90.jpg,2047,1151,property sign,859,206,958,363
property_9.jpg,615,410,property sign,49,22,191,176
property_85.jpg,2048,1536,property sign,1581,672,1705,782
property_8.jpg,615,410,property sign,409,58,528,279
property_81.jpg,2047,1151,property sign,852,198,964,350
property_80.jpg,2048,1536,property sign,1394,754,1458,834
property_82.jpg,2048,1536,property sign,2,521,161,813
property_79.jpg,2048,1152,property sign,864,406,948,478
property_79.jpg,2048,1152,property sign,226,1,490,160
property_78.jpg,2048,1152,property sign,345,222,510,370
property_78.jpg,2048,1152,property sign,794,482,870,611
